"0","Mor_Surv_DB = Surv_Gen(mort_db = Mor_DB, "
"0","                       today_tte = 41,"
"0","                       starting_fish_count = 90)"
"1","[38;5;232m`summarise()` has grouped output by 'Trt.ID'. You can override using the `.groups` argument.[39m
"
"0","Ten_Surv_DB = Surv_Gen(mort_db = Ten_DB, "
"0","                       today_tte = 47,"
"0","                       starting_fish_count = 88)"
"1","[38;5;232m`summarise()` has grouped output by 'Trt.ID'. You can override using the `.groups` argument.[39m
"
