"0","Surv_Plots(surv_db = Mor_Surv_DB,"
"0","           plot_prefix = ""QCATC1090 Moritella"","
"0","           plot = ""both"","
"0","           dailybin = FALSE)"
"1","NOTE: entry.status has been set to 0 for all.
"
"1","NOTE: entry.status has been set to 0 for all.
"
"1","NOTE: entry.status has been set to 0 for all.
"
"1","NOTE: entry.status has been set to 0 for all.
"
"1","NOTE: entry.status has been set to 0 for all.
"
"1","NOTE: entry.status has been set to 0 for all.
"
"1","[[1]]
"
"1","
"
"1","[[2]]
"
"1","
"
